Most Common Words,Frequency

WEB Adress,https://www.fuckhead.at/
immer,6
Piketty,5
Kapital,5
Kapitalismus,4
Dämonen,4
Grenzen,4
Himmel,3
Umverteilung,3
Eigentum,3
lässt,3
baby,3
große,2
bevor,2
etcetera,2
Menschen,2
gebe,2
Alternative,2
Hoffnung,2
Veränderung,2
Grenze,2

WEB Adress,http://www.interstellarrecords.at/index.php
release,49
new,46
link,41
releases,38
Records,31
album,29
interstellar,28
Interstellar,21
one,21
TUMIDO,20
mailorder,20
like,19
time,19
upcoming,19
years,18
first,18
year,18
records,17
released,17
Tumido,14

WEB Adress,https://kuprosauwald.org/
Gespeichert,10
Obernberg,9
Petra,8
Oktober,7
Kunsthaus,6
Burg,6
Esternberg,6
Sonntag,5
Helmut,5
Ausstellung,4
ganz,4
Samstag,4
Innviertler,4
Heinz,4
Augustin,4
Samir,4
Thomas,4
drei,4
Juli,4
wurde,4

WEB Adress,https://röda.at/der-verein/
technische,7
Speicherung,6
Steyr,4
Kultur,4
Zweck,4
Zugriff,4
seit,3
Wehrgraben,3
Veranstaltungen,3
Kunst,3
Jugendliche,3
uhr,3
erforderlich,3
Kulturverein,2
kulturverein,2
langer,2
liegt,2
Leben,2
Jahren,2
RÖDA,2

WEB Adress,http://www.grgr.at/
Gregor,20
Göttfert,10
Work,10
Posted,10
installation,6
light,6
Florian,4
Kofler,4
Elektromagnetismus,4
performanceGregor,4
aeterna,3
incandescent,3
Visualisiertes,3
reactive,3
technical,3
January,3
ongoing,2
installationFlorian,2
Running,2
implementation,2

WEB Adress,https://www.grgr.at/aboutme/
installation,10
performance,7
Interactive,7
media,6
exhibition,6
light,5
Attersee,4
Linz,4
University,4
Art,4
work,4
Electroacoustic,4
Ars,4
Electronica,4
Festival,4
visualization,4
Florian,4
Voggender,4
group,4
public,4

WEB Adress,https://qujochoe.org/about/
Andre­as,3
Ste­fan,3
Mar­tin,3
Quecke,3
Chris­ti­ne,3
Linz,2
Gün­ther,2
Mar­kus,2
Nina,2
The­re­sa,2
Maria,2
Nutzerinnen,2
Eder,2
Evi,2
ÜberÜber,1
qujOchÖqujOchÖShow,1
NavigationHide,1
Jahren,1
ÜberqujOchÖ,1
agiert,1

WEB Adress,https://verenamayrhofer.at/
Mayrhofer,8
works,4
Linz,4
digital,4
festival,4
Verena,3
Stadt,3
Haag,3
arts,3
city,3
analog,2
space,2
board,2
Förderung,2
Klangkunst,2
künstlerischen,2
Experimenten,2
aka,2
Tresor,2
ent,2

WEB Adress,http://hoerstadt.at/uber-uns/
Peter,73
Androsch,66
Linz,62
Österreich,53
Hörstadt,35
Akustik,30
Stadt,27
Wien,26
Kirche,25
ÖGB,24
Lärm,23
akustischen,22
Kultur,16
Kampagne,16
Hintergrundmusik,16
Katholische,16
GPA,16
Raum,14
Gespräche,12
DORF,12

WEB Adress,https://www.schlot.info/
Kulturverein,2
Tag,2
Mailchimp,2
LETTERDein,1
Name,1
EMail,1
Adresse,1
Erlaubnis,1
MarketingBitte,1
bestätige,1
kontaktieren,1
dürfenEMailDu,1
kannst,1
jederzeit,1
abmelden,1
Link,1
Fußzeile,1
unserer,1
EMails,1
klickst,1

WEB Adress,https://tinaleisch.at/index.php/tinaleisch/
Tina,3
LeischFilm,2
Text,2
Leisch,1
LeischTina,1
TheaterarbeiterinMenüSpringe,1
InhaltTina,1
Theaterarbeiterin,1
WienGestaltet,1
Theaterexperimente,1
gesellschaftlichen,1
Konfliktzonen,1
macht,1
Kino,1
Inneren,1
Bilder,1
Machtverhältnissen,1
Fallen,1
stellen,1
Mitbegründerin,1

WEB Adress,https://kunstraum.at/en/how-we-are/
art,16
KunstRaum,15
Goethestrasse,14
Linz,12
xtd,10
space,10
work,8
spaces,8
projects,7
cultural,6
cooperation,6
Blaimschein,6
Rathmayr,6
pro,5
mente,5
people,5
place,4
offers,4
exhibitions,4
Kunstwürdigungspreis,4

WEB Adress,https://kunstraum.at/wer-wir-sind/
Kunst,15
KunstRaum,13
Goethestrasse,11
Linz,9
xtd,8
Raum,7
Blaimschein,6
Rathmayr,6
Ausstellungen,4
pro,4
mente,4
Arbeit,4
Kooperation,4
künstlerische,3
öffentlichen,3
Ort,3
Teil,3
angesiedelt,3
Goethestraße,3
Kunstwürdigungspreis,3

WEB Adress,https://www.kuva.at/
Sprichcode,13
Turm,11
Stadtmuseum,10
KUVA,9
Leonding,9
Website,9
Galerie,8
Dezember,7
Johannes,7
Cookies,7
November,6
Veröffentlicht,6
Kulturvermittlung,5
Archiv,5
Preisträgerinnen,5
Einstellungen,5
speichern,4
aktivieren,4
VERANSTALTUNGS,3
Kasperl,3

WEB Adress,https://jmyyri.com/recliners
screening,8
Earth,6
Amsterdam,6
curated,6
ART,6
Mythical,6
solo,6
show,6
NEVERNEVERLAND,6
Art,6
Fonds,6
Minore,4
Day,4
Gallery,4
Mondriaan,4
PuntWG,4
Institution,4
performance,4
months,4
gig,4

WEB Adress,https://www.anna-kraher.de/#about
Anna,4
Kraher,3
Algorithmic,3
Justice,3
Space,3
Berlin,3
work,2
Artificial,2
Intelligence,2
Biometrics,2
University,2
Gender,2
Studies,2
Portfolio,1
HomeProjectsAbout,1
KraherHomeProjectsAbout,1
subjects,1
around,1
ProjectsAllAlgorithmic,1
JusticeArtificial,1

