Common Word,Websites
Linz,"http://hoerstadt.at/uber-uns/, https://kunstraum.at/en/how-we-are/, https://kunstraum.at/wer-wir-sind/, https://qujochoe.org/about/, https://verenamayrhofer.at/, https://www.grgr.at/aboutme/"
work,"https://kunstraum.at/en/how-we-are/, https://www.anna-kraher.de/#about, https://www.grgr.at/aboutme/"
xtd,"https://kunstraum.at/en/how-we-are/, https://kunstraum.at/wer-wir-sind/"
space,"https://kunstraum.at/en/how-we-are/, https://verenamayrhofer.at/"
pro,"https://kunstraum.at/en/how-we-are/, https://kunstraum.at/wer-wir-sind/"
performance,"https://jmyyri.com/recliners, https://www.grgr.at/aboutme/"
mente,"https://kunstraum.at/en/how-we-are/, https://kunstraum.at/wer-wir-sind/"
light,"http://www.grgr.at/, https://www.grgr.at/aboutme/"
installation,"http://www.grgr.at/, https://www.grgr.at/aboutme/"
University,"https://www.anna-kraher.de/#about, https://www.grgr.at/aboutme/"
Stadt,"http://hoerstadt.at/uber-uns/, https://verenamayrhofer.at/"
Raum,"http://hoerstadt.at/uber-uns/, https://kunstraum.at/wer-wir-sind/"
Rathmayr,"https://kunstraum.at/en/how-we-are/, https://kunstraum.at/wer-wir-sind/"
Kunstwürdigungspreis,"https://kunstraum.at/en/how-we-are/, https://kunstraum.at/wer-wir-sind/"
KunstRaum,"https://kunstraum.at/en/how-we-are/, https://kunstraum.at/wer-wir-sind/"
Kunst,"https://kunstraum.at/wer-wir-sind/, https://röda.at/der-verein/"
Kulturverein,"https://röda.at/der-verein/, https://www.schlot.info/"
Kultur,"http://hoerstadt.at/uber-uns/, https://röda.at/der-verein/"
Jahren,"https://qujochoe.org/about/, https://röda.at/der-verein/"
Goethestrasse,"https://kunstraum.at/en/how-we-are/, https://kunstraum.at/wer-wir-sind/"
Florian,"http://www.grgr.at/, https://www.grgr.at/aboutme/"
Blaimschein,"https://kunstraum.at/en/how-we-are/, https://kunstraum.at/wer-wir-sind/"
Art,"https://jmyyri.com/recliners, https://www.grgr.at/aboutme/"
